{
    "Ethereum(ERC20)": 1.428725182431132e-05,
    "Arbitrum One(ARB)": 2.29764e-08,
    "Optimism(OP)": 2.04435505932e-08,
    "Polygon(MATIC)": 1.1382000007588001e-08,
    "BNB Smart Chain(BEP20)": 5.355e-07,
    "Avalanche C Chain(AVAX CCHAIN)": 5.8625e-07
}