{
    "Ethereum(ERC20)": 4.8766929763536e-06,
    "Arbitrum One(ARB)": 2.4183e-08,
    "Optimism(OP)": 7.081752138300001e-09,
    "Polygon(MATIC)": 1.10913803040292e-08,
    "BNB Smart Chain(BEP20)": 5.509e-07,
    "Avalanche C Chain(AVAX CCHAIN)": 6.389999999999999e-07
}