{
    "Ethereum(ERC20)": 1.036247039547708e-05,
    "Arbitrum One(ARB)": 2.33069e-08,
    "Optimism(OP)": 2.7329475162040002e-08,
    "Polygon(MATIC)": 1.12830000082742e-08,
    "BNB Smart Chain(BEP20)": 5.312000000000001e-07,
    "Avalanche C Chain(AVAX CCHAIN)": 5.845e-07
}