{
    "Ethereum(ERC20)": 1.2432800294436612e-05,
    "Arbitrum One(ARB)": 2.29759e-08,
    "Optimism(OP)": 1.9745175987760002e-08,
    "Polygon(MATIC)": 1.1376000007204798e-08,
    "BNB Smart Chain(BEP20)": 5.353e-07,
    "Avalanche C Chain(AVAX CCHAIN)": 5.865e-07
}