{
    "Ethereum(ERC20)": 1.4484113110014302e-05,
    "Arbitrum One(ARB)": 2.4183e-08,
    "Optimism(OP)": 1.79311818204e-08,
    "Polygon(MATIC)": 1.23270000275303e-08,
    "BNB Smart Chain(BEP20)": 5.509e-07,
    "Avalanche C Chain(AVAX CCHAIN)": 6.389999999999999e-07
}